url,image,name,store,price,left
/Home/Product/Detail/72123/1/1/0,/Prod/A0000201665.jpg,二手-壓克力戒指展示盤,拾貨選物1號店,$100,剩餘 1
/Home/Product/Detail/72122/1/2/0,/Prod/A0000201664.jpg,二手-不鏽鋼點心匙,拾貨選物1號店,$10,剩餘 1
/Home/Product/Detail/72121/1/3/0,/Prod/A0000201663.jpg,二手-不鏽鋼筷(13雙),拾貨選物1號店,$60,剩餘 1
/Home/Product/Detail/72120/1/4/0,/Prod/B0082700025.jpg,二手-20-22cm直排輪,拾貨選物1號店,$200,剩餘 1
/Home/Product/Detail/72119/1/5/0,/Prod/A0000201662.jpg,二手-樂美雅玻璃保鮮盒,拾貨選物1號店,$30,剩餘 1
/Home/Product/Detail/72118/1/6/0,/Prod/A0000201661.jpg,二手-壓克力造型水晶碗,拾貨選物1號店,$30,剩餘 1
/Home/Product/Detail/72117/1/7/0,/Prod/A0000201660.jpg,二手-金蔥玫瑰置物盤,拾貨選物1號店,$25,剩餘 1
/Home/Product/Detail/72116/1/8/0,/Prod/A0000201659.jpg,二手-幸運草壓克力碗,拾貨選物1號店,$10,剩餘 3
/Home/Product/Detail/72085/1/1/1,/Prod/B0081900167.jpg,全新-招財貓面紙套,拾貨選物1號店,$50,剩餘 1
/Home/Product/Detail/72053/1/2/1,/Prod/B0077900083.jpg,全新-COACH胸章,拾貨選物1號店,$100,剩餘 1
/Home/Product/Detail/72049/1/3/1,/Prod/B0077900079.jpg,二手-DoubleU倆個你金屬框墨鏡,拾貨選物1號店,$300,剩餘 1
/Home/Product/Detail/72035/1/4/1,/Prod/A0000201632.jpg,二手-寶可夢Gaole卡牌(Lucky),拾貨選物1號店,$10,剩餘 5
/Home/Product/Detail/72033/1/5/1,/Prod/A0000201630.jpg,二手-寶可夢Gaole卡匣(單張),拾貨選物1號店,$1,剩餘 100
/Home/Product/Detail/72018/1/6/1,/Prod/C0007400081.jpg,二手-高爾夫球組,拾貨選物1號店,$3000,剩餘 1
/Home/Product/Detail/71980/1/7/1,/Prod/B0082700015.jpg,二手-冰雪奇緣ElsaLED化妝鏡,拾貨選物1號店,$120,剩餘 1
/Home/Product/Detail/71948/1/8/1,/Prod/B0084700016.jpg,二手-生日快樂字母髮箍,拾貨選物1號店,$20,剩餘 3
